<?xml version="1.0" encoding="UTF-8"?>
<root>
   <command>
      <Mnemonics>Process_EndOf</Mnemonics>
      <ID_Number>1</ID_Number>
      <Internal>1</Internal>
      <Description>
         <EN><![CDATA[End of a process from client]]></EN>
         <FR><![CDATA[Fin d'un process client]]></FR>
      </Description>
   </command>
   <command>
      <Mnemonics>Rec_load</Mnemonics>
      <ID_Number>2</ID_Number>
      <Internal>0</Internal>
      <Description>
         <EN><![CDATA[Load record]]></EN>
         <FR><![CDATA[Chargement d'une fiche]]></FR>
      </Description>
   </command>
   <command>
      <Mnemonics>Rec_LoadAndSelect</Mnemonics>
      <ID_Number>3</ID_Number>
      <Internal>1</Internal>
      <Description>
         <EN><![CDATA[Load record and reduce current selection to this record]]></EN>
         <FR><![CDATA[Chargement d'une fiche suivi de la réduction de la selection courrante à cette fiche.]]></FR>
      </Description>
   </command>
   <command>
      <Mnemonics>Rec_Save</Mnemonics>
      <ID_Number>4</ID_Number>
      <Internal>0</Internal>
      <Description>
         <EN><![CDATA[Save record]]></EN>
         <FR><![CDATA[Sauver enregistrement]]></FR>
      </Description>
   </command>
   <command>
      <Mnemonics>Rec_GetNumInSelec</Mnemonics>
      <ID_Number>5</ID_Number>
      <Internal>0</Internal>
      <Description>
         <EN><![CDATA[Get record number inside selection]]></EN>
         <FR><![CDATA[Récupère le numéro de fiche à partir de sa position dans la selection]]></FR>
      </Description>
   </command>
   <command>
      <Mnemonics>Sel_AddRec</Mnemonics>
      <ID_Number>6</ID_Number>
      <Internal>0</Internal>
      <Description>
         <EN><![CDATA[Add record to selection]]></EN>
         <FR><![CDATA[Ajouter une fiche à la selection]]></FR>
      </Description>
   </command>
   <command>
      <Mnemonics>Sel_Dim</Mnemonics>
      <ID_Number>7</ID_Number>
      <Internal>1</Internal>
      <Description>
         <EN><![CDATA[Set size of selection (init. of selection)]]></EN>
         <FR><![CDATA[Dimensionne la sélection (phase préparatoire de la sélection)]]></FR>
      </Description>
   </command>
   <command>
      <Mnemonics>Rec_Delete</Mnemonics>
      <ID_Number>8</ID_Number>
      <Internal>0</Internal>
      <Description>
         <EN><![CDATA[Delete record]]></EN>
         <FR><![CDATA[Suppression d'une fiche]]></FR>
      </Description>
   </command>
   <command>
      <Mnemonics>Sel_RemoveRec</Mnemonics>
      <ID_Number>9</ID_Number>
      <Internal>0</Internal>
      <Description>
         <EN><![CDATA[Remove record from selection]]></EN>
         <FR><![CDATA[Suppression d'une fiche dans la selection]]></FR>
      </Description>
   </command>
   <command>
      <Mnemonics>Rec_Unload</Mnemonics>
      <ID_Number>10</ID_Number>
      <Internal>0</Internal>
      <Description>
         <EN><![CDATA[Unload record]]></EN>
         <FR><![CDATA[Liberer enregistrement]]></FR>
      </Description>
   </command>
   <command>
      <Mnemonics>Trans_Start</Mnemonics>
      <ID_Number>11</ID_Number>
      <Internal>0</Internal>
      <Description>
         <EN><![CDATA[Start transaction]]></EN>
         <FR><![CDATA[Debut de transaction]]></FR>
      </Description>
   </command>
   <command>
      <Mnemonics>Trans_Validate</Mnemonics>
      <ID_Number>12</ID_Number>
      <Internal>0</Internal>
      <Description>
         <EN><![CDATA[Validate transaction]]></EN>
         <FR><![CDATA[Valider transaction]]></FR>
      </Description>
   </command>
   <command>
      <Mnemonics>Trans_Cancel</Mnemonics>
      <ID_Number>13</ID_Number>
      <Internal>0</Internal>
      <Description>
         <EN><![CDATA[Cancel transaction]]></EN>
         <FR><![CDATA[Annuler transaction]]></FR>
      </Description>
   </command>
   <command>
      <Mnemonics>Sem_Set</Mnemonics>
      <ID_Number>14</ID_Number>
      <Internal>0</Internal>
      <Description>
         <EN><![CDATA[Set semaphore]]></EN>
         <FR><![CDATA[Fixer semaphore]]></FR>
      </Description>
   </command>
   <command>
      <Mnemonics>Sem_Clear</Mnemonics>
      <ID_Number>15</ID_Number>
      <Internal>0</Internal>
      <Description>
         <EN><![CDATA[Clear semaphore]]></EN>
         <FR><![CDATA[Effacer semaphore]]></FR>
      </Description>
   </command>
   <command>
      <Mnemonics>Rec_DeleteSel_Language</Mnemonics>
      <ID_Number>16</ID_Number>
      <Internal>0</Internal>
      <Description>
         <EN><![CDATA[Delete selected record (programming language)]]></EN>
         <FR><![CDATA[Suppression des fiches selectionnees par programmation]]></FR>
      </Description>
   </command>
   <command>
      <Mnemonics>Sel_AllRecords</Mnemonics>
      <ID_Number>17</ID_Number>
      <Internal>0</Internal>
      <Description>
         <EN><![CDATA[All records]]></EN>
         <FR><![CDATA[Tout selectionner]]></FR>
      </Description>
   </command>
   <command>
      <Mnemonics>Rec_RecInTable</Mnemonics>
      <ID_Number>18</ID_Number>
      <Internal>0</Internal>
      <Description>
         <EN><![CDATA[Count records in table]]></EN>
         <FR><![CDATA[Nombre de fiches dans une table]]></FR>
      </Description>
   </command>
   <command>
      <Mnemonics>Set_Convert2Sel</Mnemonics>
      <ID_Number>19</ID_Number>
      <Internal>1</Internal>
      <Description>
         <EN><![CDATA[Convert set into selection]]></EN>
         <FR><![CDATA[Conversion d'un ensemble en selection]]></FR>
      </Description>
   </command>
   <command>
      <Mnemonics>Sel_Convert2Set</Mnemonics>
      <ID_Number>20</ID_Number>
      <Internal>1</Internal>
      <Description>
         <EN><![CDATA[Convert selection into set]]></EN>
         <FR><![CDATA[Conversion d'une selection en ensemble]]></FR>
      </Description>
   </command>
   <command>
      <Mnemonics>Rec_SelectedRecNumber</Mnemonics>
      <ID_Number>21</ID_Number>
      <Internal>0</Internal>
      <Description>
         <EN><![CDATA[Position of record in current selection]]></EN>
         <FR><![CDATA[Position d'un numéro d'enregistrement dans la selection courante]]></FR>
      </Description>
   </command>
   <command>
      <Mnemonics>Sel_ReduceToCurrentRec</Mnemonics>
      <ID_Number>22</ID_Number>
      <Internal>0</Internal>
      <Description>
         <EN><![CDATA[Reduce current selection to current record]]></EN>
         <FR><![CDATA[Reduire la selection courante à la fiche courrante]]></FR>
      </Description>
   </command>
   <command>
      <Mnemonics>Struct_GetNbTablesAndFields</Mnemonics>
      <ID_Number>23</ID_Number>
      <Internal>1</Internal>
      <Description>
         <EN><![CDATA[Get number of tables & number of records per table]]></EN>
         <FR><![CDATA[Retourne le nombre de tables et le nombre de fiches par table]]></FR>
      </Description>
   </command>
   <command>
      <Mnemonics>PRes_Get</Mnemonics>
      <ID_Number>24</ID_Number>
      <Internal>1</Internal>
      <Description>
         <EN><![CDATA[Get pseudo resource]]></EN>
         <FR><![CDATA[Lecture d'une pseudo ressource]]></FR>
      </Description>
   </command>
   <command>
      <Mnemonics>PRes_Add</Mnemonics>
      <ID_Number>25</ID_Number>
      <Internal>1</Internal>
      <Description>
         <EN><![CDATA[Add pseudo resource]]></EN>
         <FR><![CDATA[Ajout d'une pseudo ressource]]></FR>
      </Description>
   </command>
   <command>
      <Mnemonics>PRes_Write</Mnemonics>
      <ID_Number>26</ID_Number>
      <Internal>1</Internal>
      <Description>
         <EN><![CDATA[Write pseudo resource]]></EN>
         <FR><![CDATA[Ecrire une pseudo ressource]]></FR>
      </Description>
   </command>
   <command>
      <Mnemonics>Obsolete_PRes_Count</Mnemonics>
      <ID_Number>27</ID_Number>
      <Internal>1</Internal>
      <Description>
         <EN><![CDATA[Obsolete]]></EN>
         <FR><![CDATA[Obsolete]]></FR>
      </Description>
   </command>
   <command>
      <Mnemonics>Obsolete_PRes_CountKind</Mnemonics>
      <ID_Number>28</ID_Number>
      <Internal>1</Internal>
      <Description>
         <EN><![CDATA[Obsolete]]></EN>
         <FR><![CDATA[Obsolete]]></FR>
      </Description>
   </command>
   <command>
      <Mnemonics>PRes_Remove</Mnemonics>
      <ID_Number>29</ID_Number>
      <Internal>1</Internal>
      <Description>
         <EN><![CDATA[Remove pseudo resource]]></EN>
         <FR><![CDATA[Suppression d'une pseudo ressource]]></FR>
      </Description>
   </command>
   <command>
      <Mnemonics>PRes_GetInd</Mnemonics>
      <ID_Number>30</ID_Number>
      <Internal>1</Internal>
      <Description>
         <EN><![CDATA[Get pseudo resource]]></EN>
         <FR><![CDATA[Lecture d'une pseudo ressource]]></FR>
      </Description>
   </command>
   <command>
      <Mnemonics>Obsolete_PRes_GetKind</Mnemonics>
      <ID_Number>31</ID_Number>
      <Internal>1</Internal>
      <Description>
         <EN><![CDATA[Obsolete]]></EN>
         <FR><![CDATA[Obsolete]]></FR>
      </Description>
   </command>
   <command>
      <Mnemonics>PRes_GetMap</Mnemonics>
      <ID_Number>32</ID_Number>
      <Internal>1</Internal>
      <Description>
         <EN><![CDATA[Get map of internal 4D resources at the first connection of a 4D Client (execute once only per 4D Client)]]></EN>
         <FR><![CDATA[Lecture de la map des ressources internes de 4D à la premiere ouverture d'un 4D client (effectuée une seule fois pour chaque 4D client)]]></FR>
      </Description>
   </command>
   <command>
      <Mnemonics>PRes_GetUniqueID</Mnemonics>
      <ID_Number>33</ID_Number>
      <Internal>1</Internal>
      <Description>
         <EN><![CDATA[Get new unique pseudo resource ID]]></EN>
         <FR><![CDATA[Demande d'un nouveau numéro de pseudo ressource.]]></FR>
      </Description>
   </command>
   <command>
      <Mnemonics>PRes_GetResFileNum</Mnemonics>
      <ID_Number>34</ID_Number>
      <Internal>1</Internal>
      <Description>
         <EN><![CDATA[Get internal resource file reference number]]></EN>
         <FR><![CDATA[Recupére le numéro du fichier de ressource pour les pseudo ressources de 4D]]></FR>
      </Description>
   </command>
   <command>
      <Mnemonics>Search</Mnemonics>
      <ID_Number>35</ID_Number>
      <Internal>0</Internal>
      <Description>
         <EN><![CDATA[Search]]></EN>
         <FR><![CDATA[Chercher]]></FR>
      </Description>
   </command>
   <command>
      <Mnemonics>Sort</Mnemonics>
      <ID_Number>36</ID_Number>
      <Internal>0</Internal>
      <Description>
         <EN><![CDATA[Order by]]></EN>
         <FR><![CDATA[Trier]]></FR>
      </Description>
   </command>
   <command>
      <Mnemonics>Sel_CacheSelection</Mnemonics>
      <ID_Number>37</ID_Number>
      <Internal>1</Internal>
      <Description>
         <EN><![CDATA[Cache of current selection ( send part of cache to client. Avoid sending a big selection through the network)]]></EN>
         <FR><![CDATA[Cache de la selection courante (envoi d'une partie du cache vers le client. Evite d'envoyer de grosses selection sur le reseau. Gestion dynamique)]]></FR>
      </Description>
   </command>
   <command>
      <Mnemonics>FlushCache</Mnemonics>
      <ID_Number>38</ID_Number>
      <Internal>0</Internal>
      <Description>
         <EN><![CDATA[Flush cache]]></EN>
         <FR><![CDATA[Ecriture du cache]]></FR>
      </Description>
   </command>
   <command>
      <Mnemonics>Rec_DeleteSel_UserMode</Mnemonics>
      <ID_Number>39</ID_Number>
      <Internal>0</Internal>
      <Description>
         <EN><![CDATA[Delete selected record (User Mode)]]></EN>
         <FR><![CDATA[Suppression des fiches selectionnees en user mode]]></FR>
      </Description>
   </command>
   <command>
      <Mnemonics>Sel_RemoveRecordFrom</Mnemonics>
      <ID_Number>40</ID_Number>
      <Internal>1</Internal>
      <Description>
         <EN><![CDATA[Remove record in a selection (reduce selection, remove in selection)]]></EN>
         <FR><![CDATA[Supprime une entree dans une selection (reduire la selection d'une fiche - supprime la fiche de la selection)]]></FR>
      </Description>
   </command>
   <command>
      <Mnemonics>Pooling</Mnemonics>
      <ID_Number>41</ID_Number>
      <Internal>1</Internal>
      <Description>
         <EN><![CDATA[Client keep alive (Interpreted: 8 seconds, Compiled: 30 seconds)]]></EN>
         <FR><![CDATA[Le client est toujours vivant (en interprété: 8 secondes; compile:30 secondes)]]></FR>
      </Description>
   </command>
   <command>
      <Mnemonics>PRes_LoadAndLock</Mnemonics>
      <ID_Number>42</ID_Number>
      <Internal>0</Internal>
      <Description>
         <EN><![CDATA[Load & Lock a pseudo 4D resource]]></EN>
         <FR><![CDATA[Chargement et verrouillage d'une pseudo ressource 4D]]></FR>
      </Description>
   </command>
   <command>
      <Mnemonics>PRes_Unload</Mnemonics>
      <ID_Number>43</ID_Number>
      <Internal>1</Internal>
      <Description>
         <EN><![CDATA[Unload a pseudo resource on server]]></EN>
         <FR><![CDATA[Déchargement d'une pseudo ressource dans la mémoire du serveur.]]></FR>
      </Description>
   </command>
   <command>
      <Mnemonics>Auth_Challenge</Mnemonics>
      <ID_Number>44</ID_Number>
      <Internal>1</Internal>
      <Description>
         <EN><![CDATA[Send password]]></EN>
         <FR><![CDATA[Envoi du mot de passe]]></FR>
      </Description>
   </command>
   <command>
      <Mnemonics>PRes_WhoLock</Mnemonics>
      <ID_Number>45</ID_Number>
      <Internal>1</Internal>
      <Description>
         <EN><![CDATA[Who lock a pseudo 4D resource]]></EN>
         <FR><![CDATA[Demanque qui verrouille une pseudo ressource 4D]]></FR>
      </Description>
   </command>
   <command>
      <Mnemonics>Auth_GetUserInfo</Mnemonics>
      <ID_Number>46</ID_Number>
      <Internal>0</Internal>
      <Description>
         <EN><![CDATA[Get user information]]></EN>
         <FR><![CDATA[Récupère les informations utilisateur]]></FR>
      </Description>
   </command>
   <command>
      <Mnemonics>Ind_Drop</Mnemonics>
      <ID_Number>47</ID_Number>
      <Internal>0</Internal>
      <Description>
         <EN><![CDATA[Drop index]]></EN>
         <FR><![CDATA[Détruire l'index]]></FR>
      </Description>
   </command>
   <command>
      <Mnemonics>Ind_Create</Mnemonics>
      <ID_Number>48</ID_Number>
      <Internal>0</Internal>
      <Description>
         <EN><![CDATA[Create index]]></EN>
         <FR><![CDATA[Créér un index]]></FR>
      </Description>
   </command>
   <command>
      <Mnemonics>Sel_MoveToRec</Mnemonics>
      <ID_Number>49</ID_Number>
      <Internal>1</Internal>
      <Description>
         <EN><![CDATA[Goto in selection, without loading the record]]></EN>
         <FR><![CDATA[Aller dans la sélection sans charger la fiche]]></FR>
      </Description>
   </command>
   <command>
      <Mnemonics>Struct_GetTableDesc</Mnemonics>
      <ID_Number>50</ID_Number>
      <Internal>1</Internal>
      <Description>
         <EN><![CDATA[Get table description]]></EN>
         <FR><![CDATA[Récupère la description d'une table]]></FR>
      </Description>
   </command>
   <command>
      <Mnemonics>Struct_CountTables</Mnemonics>
      <ID_Number>51</ID_Number>
      <Internal>0</Internal>
      <Description>
         <EN><![CDATA[Count tables]]></EN>
         <FR><![CDATA[Compte le nombre de tables]]></FR>
      </Description>
   </command>
   <command>
      <Mnemonics>OPEN_GetAllFields</Mnemonics>
      <ID_Number>52</ID_Number>
      <Internal>0</Internal>
      <Description>
         <EN><![CDATA[Load a record and send all fields (Used by 4D Open)]]></EN>
         <FR><![CDATA[Charge une fiche et envoi tous les champs de la fiche (utilisé par 4D Open)]]></FR>
      </Description>
   </command>
   <command>
      <Mnemonics>OPEN_UnlockRecord</Mnemonics>
      <ID_Number>53</ID_Number>
      <Internal>0</Internal>
      <Description>
         <EN><![CDATA[Unload all records from a table (4D Open)]]></EN>
         <FR><![CDATA[Libère toute les fiches d'une table (4D Open)]]></FR>
      </Description>
   </command>
   <command>
      <Mnemonics>OPEN_ModifyRecord</Mnemonics>
      <ID_Number>54</ID_Number>
      <Internal>0</Internal>
      <Description>
         <EN><![CDATA[Modify record - all fields (4D Open)]]></EN>
         <FR><![CDATA[Modifier enregistrement - tous les champs (4D Open)]]></FR>
      </Description>
   </command>
   <command>
      <Mnemonics>OPEN_NewRecord</Mnemonics>
      <ID_Number>55</ID_Number>
      <Internal>0</Internal>
      <Description>
         <EN><![CDATA[New record (4D Open)]]></EN>
         <FR><![CDATA[Nouvel enregistrement (4D Open)]]></FR>
      </Description>
   </command>
   <command>
      <Mnemonics>OPEN_TrueGetRes</Mnemonics>
      <ID_Number>56</ID_Number>
      <Internal>0</Internal>
      <Description>
         <EN><![CDATA[Not used (4D Open)]]></EN>
         <FR><![CDATA[Inutilisé (4D Open)]]></FR>
      </Description>
   </command>
   <command>
      <Mnemonics>Obsolete_TrueGetIndRes</Mnemonics>
      <ID_Number>57</ID_Number>
      <Internal>0</Internal>
      <Description>
         <EN><![CDATA[Obsolete]]></EN>
         <FR><![CDATA[Obsolete]]></FR>
      </Description>
   </command>
   <command>
      <Mnemonics>Obsolete_TrueGetResInfo</Mnemonics>
      <ID_Number>58</ID_Number>
      <Internal>0</Internal>
      <Description>
         <EN><![CDATA[Obsolete]]></EN>
         <FR><![CDATA[Obsolete]]></FR>
      </Description>
   </command>
   <command>
      <Mnemonics>Obsolete_TrueWriteRes</Mnemonics>
      <ID_Number>59</ID_Number>
      <Internal>0</Internal>
      <Description>
         <EN><![CDATA[Obsolete]]></EN>
         <FR><![CDATA[Obsolete]]></FR>
      </Description>
   </command>
   <command>
      <Mnemonics>Plug_GetList</Mnemonics>
      <ID_Number>60</ID_Number>
      <Internal>1</Internal>
      <Description>
         <EN><![CDATA[Get list of plug-ins]]></EN>
         <FR><![CDATA[Récupère la liste des plugins.]]></FR>
      </Description>
   </command>
   <command>
      <Mnemonics>Obsolete_Plug_GetListExt</Mnemonics>
      <ID_Number>61</ID_Number>
      <Internal>0</Internal>
      <Description>
         <EN><![CDATA[Get list of externals (Obsolete)]]></EN>
         <FR><![CDATA[Récupère la liste des routines externes. (Obsolete)]]></FR>
      </Description>
   </command>
   <command>
      <Mnemonics>Obsolete_GetCatList</Mnemonics>
      <ID_Number>62</ID_Number>
      <Internal>0</Internal>
      <Description>
         <EN><![CDATA[Obsolete]]></EN>
         <FR><![CDATA[Obsolete]]></FR>
      </Description>
   </command>
   <command>
      <Mnemonics>PRes_GetByName</Mnemonics>
      <ID_Number>63</ID_Number>
      <Internal>1</Internal>
      <Description>
         <EN><![CDATA[Get a pseudo resource by name]]></EN>
         <FR><![CDATA[Récupère une pseudo ressource par son nom]]></FR>
      </Description>
   </command>
   <command>
      <Mnemonics>OPEN_GetRelatedFields</Mnemonics>
      <ID_Number>64</ID_Number>
      <Internal>0</Internal>
      <Description>
         <EN><![CDATA[Get a record and related records (4D Open)]]></EN>
         <FR><![CDATA[Récupèrer le contenu d'une fiche avec les fiches liées. ( 4D Open)]]></FR>
      </Description>
   </command>
   <command>
      <Mnemonics>OPEN_GetFieldNumberFromTables</Mnemonics>
      <ID_Number>65</ID_Number>
      <Internal>1</Internal>
      <Description>
         <EN><![CDATA[Get fields number from all asked tables (4D Open)]]></EN>
         <FR><![CDATA[Numéro de champs de toutes les tables demandées (4D Open)]]></FR>
      </Description>
   </command>
   <command>
      <Mnemonics>Struct_AddTable</Mnemonics>
      <ID_Number>66</ID_Number>
      <Internal>0</Internal>
      <Description>
         <EN><![CDATA[Create table]]></EN>
         <FR><![CDATA[Création d'une table]]></FR>
      </Description>
   </command>
   <command>
      <Mnemonics>Plug_AddTable</Mnemonics>
      <ID_Number>67</ID_Number>
      <Internal>0</Internal>
      <Description>
         <EN><![CDATA[Add table by plug-in]]></EN>
         <FR><![CDATA[Ajout d'une table par un plugin.]]></FR>
      </Description>
   </command>
   <command>
      <Mnemonics>Obsolete_ChangeCurrentTable</Mnemonics>
      <ID_Number>68</ID_Number>
      <Internal>0</Internal>
      <Description>
         <EN><![CDATA[Obsolete]]></EN>
         <FR><![CDATA[Obsolete]]></FR>
      </Description>
   </command>
   <command>
      <Mnemonics>Proc_GetList</Mnemonics>
      <ID_Number>69</ID_Number>
      <Internal>1</Internal>
      <Description>
         <EN><![CDATA[Get process list incl. related information]]></EN>
         <FR><![CDATA[Récupère la liste des process avec les informations relatives]]></FR>
      </Description>
   </command>
   <command>
      <Mnemonics>Obsolete_lockfile</Mnemonics>
      <ID_Number>70</ID_Number>
      <Internal>0</Internal>
      <Description>
         <EN><![CDATA[Obsolete]]></EN>
         <FR><![CDATA[Obsolete]]></FR>
      </Description>
   </command>
   <command>
      <Mnemonics>Obsolete_unlockfile</Mnemonics>
      <ID_Number>71</ID_Number>
      <Internal>0</Internal>
      <Description>
         <EN><![CDATA[Obsolete]]></EN>
         <FR><![CDATA[Obsolete]]></FR>
      </Description>
   </command>
   <command>
      <Mnemonics>Auth_ChallengeInfo</Mnemonics>
      <ID_Number>72</ID_Number>
      <Internal>1</Internal>
      <Description>
         <EN><![CDATA[Indicate to 4D Client if password should be used]]></EN>
         <FR><![CDATA[Indique au 4D client si les mots de passe doivent être utilisés.]]></FR>
      </Description>
   </command>
   <command>
      <Mnemonics>Auth_Test</Mnemonics>
      <ID_Number>73</ID_Number>
      <Internal>0</Internal>
      <Description>
         <EN><![CDATA[Test password]]></EN>
         <FR><![CDATA[Test du mot de passe]]></FR>
      </Description>
   </command>
   <command>
      <Mnemonics>User_GetList</Mnemonics>
      <ID_Number>74</ID_Number>
      <Internal>0</Internal>
      <Description>
         <EN><![CDATA[Get list of users]]></EN>
         <FR><![CDATA[Retourne la liste des utilisateurs]]></FR>
      </Description>
   </command>
   <command>
      <Mnemonics>User_WritePassword</Mnemonics>
      <ID_Number>75</ID_Number>
      <Internal>0</Internal>
      <Description>
         <EN><![CDATA[Write modified password]]></EN>
         <FR><![CDATA[Ecris le mot de passe modifié]]></FR>
      </Description>
   </command>
   <command>
      <Mnemonics>Auth_TestPassword</Mnemonics>
      <ID_Number>76</ID_Number>
      <Internal>1</Internal>
      <Description>
         <EN><![CDATA[Test user password]]></EN>
         <FR><![CDATA[Teste le mot de passe de l'utilisateur.]]></FR>
      </Description>
   </command>
   <command>
      <Mnemonics>User_WriteGroups</Mnemonics>
      <ID_Number>77</ID_Number>
      <Internal>0</Internal>
      <Description>
         <EN><![CDATA[Write groups]]></EN>
         <FR><![CDATA[Ecrit la liste des groupes]]></FR>
      </Description>
   </command>
   <command>
      <Mnemonics>User_TestRights</Mnemonics>
      <ID_Number>78</ID_Number>
      <Internal>0</Internal>
      <Description>
         <EN><![CDATA[Test user rights]]></EN>
         <FR><![CDATA[Test user rights]]></FR>
      </Description>
   </command>
   <command>
      <Mnemonics>SearchByKey_Internal</Mnemonics>
      <ID_Number>79</ID_Number>
      <Internal>1</Internal>
      <Description>
         <EN><![CDATA[Query by index - Unique (Used by link)]]></EN>
         <FR><![CDATA[Recherche indexée unique (Utilisé lors de la gestion des liens)]]></FR>
      </Description>
   </command>
   <command>
      <Mnemonics>User_WriteGroupsDesigner</Mnemonics>
      <ID_Number>80</ID_Number>
      <Internal>0</Internal>
      <Description>
         <EN><![CDATA[Write groups]]></EN>
         <FR><![CDATA[Ecrit la liste des groupes]]></FR>
      </Description>
   </command>
   <command>
      <Mnemonics>User_GetUsersAndGroups</Mnemonics>
      <ID_Number>81</ID_Number>
      <Internal>1</Internal>
      <Description>
         <EN><![CDATA[Get list of users & groups]]></EN>
         <FR><![CDATA[Lecture table des utilisateurs/groupes 4D]]></FR>
      </Description>
   </command>
   <command>
      <Mnemonics>User_WriteUsersAndGroups</Mnemonics>
      <ID_Number>82</ID_Number>
      <Internal>1</Internal>
      <Description>
         <EN><![CDATA[Write list of users & groups]]></EN>
         <FR><![CDATA[Ecriture table des utilisateurs/groupes 4D.]]></FR>
      </Description>
   </command>
   <command>
      <Mnemonics>Sel_Copy</Mnemonics>
      <ID_Number>83</ID_Number>
      <Internal>0</Internal>
      <Description>
         <EN><![CDATA[Copy selection]]></EN>
         <FR><![CDATA[Copier la selection]]></FR>
      </Description>
   </command>
   <command>
      <Mnemonics>Sel_Use</Mnemonics>
      <ID_Number>84</ID_Number>
      <Internal>0</Internal>
      <Description>
         <EN><![CDATA[Use selection]]></EN>
         <FR><![CDATA[Utiliser selection]]></FR>
      </Description>
   </command>
   <command>
      <Mnemonics>Sel_Delete</Mnemonics>
      <ID_Number>85</ID_Number>
      <Internal>0</Internal>
      <Description>
         <EN><![CDATA[Delete selection]]></EN>
         <FR><![CDATA[Effacer selection]]></FR>
      </Description>
   </command>
   <command>
      <Mnemonics>Sel_Move</Mnemonics>
      <ID_Number>86</ID_Number>
      <Internal>1</Internal>
      <Description>
         <EN><![CDATA[Move selection]]></EN>
         <FR><![CDATA[Deplacer selection]]></FR>
      </Description>
   </command>
   <command>
      <Mnemonics>Obsolete_Sel_Replace</Mnemonics>
      <ID_Number>87</ID_Number>
      <Internal>0</Internal>
      <Description>
         <EN><![CDATA[Obsolete]]></EN>
         <FR><![CDATA[Obsolete]]></FR>
      </Description>
   </command>
   <command>
      <Mnemonics>Rec_SequenceNumber</Mnemonics>
      <ID_Number>88</ID_Number>
      <Internal>0</Internal>
      <Description>
         <EN><![CDATA[Sequence Number]]></EN>
         <FR><![CDATA[Numérotation automatique]]></FR>
      </Description>
   </command>
   <command>
      <Mnemonics>Rec_LoadAndSendData</Mnemonics>
      <ID_Number>89</ID_Number>
      <Internal>0</Internal>
      <Description>
         <EN><![CDATA[Load record and send data (fields)]]></EN>
         <FR><![CDATA[Chargement d'une fiche et envoi des données.]]></FR>
      </Description>
   </command>
   <command>
      <Mnemonics>Rec_LoadForModifyDisplaySelection</Mnemonics>
      <ID_Number>90</ID_Number>
      <Internal>1</Internal>
      <Description>
         <EN><![CDATA[Load record, called by Modify Selection, Display Selection or sub form.]]></EN>
         <FR><![CDATA[Chargement d'une fiche pour l'utilisation dans un visualiser ou modifier selection ou pour un sous formumaire.]]></FR>
      </Description>
   </command>
   <command>
      <Mnemonics>Sel_SelectionToArray</Mnemonics>
      <ID_Number>91</ID_Number>
      <Internal>0</Internal>
      <Description>
         <EN><![CDATA[Selection To Array]]></EN>
         <FR><![CDATA[Selection vers tableau]]></FR>
      </Description>
   </command>
   <command>
      <Mnemonics>Sel_ArrayToSelection</Mnemonics>
      <ID_Number>92</ID_Number>
      <Internal>0</Internal>
      <Description>
         <EN><![CDATA[Array To Selection]]></EN>
         <FR><![CDATA[Tableau vers selection]]></FR>
      </Description>
   </command>
   <command>
      <Mnemonics>Sel_RelateMany</Mnemonics>
      <ID_Number>93</ID_Number>
      <Internal>0</Internal>
      <Description>
         <EN><![CDATA[Relate Many]]></EN>
         <FR><![CDATA[Selection retour]]></FR>
      </Description>
   </command>
   <command>
      <Mnemonics>OPEN_DistinctValues</Mnemonics>
      <ID_Number>94</ID_Number>
      <Internal>0</Internal>
      <Description>
         <EN><![CDATA[Distinct Values (4D Open)]]></EN>
         <FR><![CDATA[Valeur distincte (4D Open)]]></FR>
      </Description>
   </command>
   <command>
      <Mnemonics>Table_ReadOnly</Mnemonics>
      <ID_Number>95</ID_Number>
      <Internal>0</Internal>
      <Description>
         <EN><![CDATA[Read Only]]></EN>
         <FR><![CDATA[Lecture seulement]]></FR>
      </Description>
   </command>
   <command>
      <Mnemonics>Table_ReadWrite</Mnemonics>
      <ID_Number>96</ID_Number>
      <Internal>0</Internal>
      <Description>
         <EN><![CDATA[Read Write]]></EN>
         <FR><![CDATA[Lecture ecriture]]></FR>
      </Description>
   </command>
   <command>
      <Mnemonics>SearchInSelection</Mnemonics>
      <ID_Number>97</ID_Number>
      <Internal>0</Internal>
      <Description>
         <EN><![CDATA[Query Selection]]></EN>
         <FR><![CDATA[Chercher dans selection]]></FR>
      </Description>
   </command>
   <command>
      <Mnemonics>Obsolete_AddRecToSet</Mnemonics>
      <ID_Number>98</ID_Number>
      <Internal>0</Internal>
      <Description>
         <EN><![CDATA[Obsolete]]></EN>
         <FR><![CDATA[Obsolete]]></FR>
      </Description>
   </command>
   <command>
      <Mnemonics>OPEN_GetListNamesTables</Mnemonics>
      <ID_Number>99</ID_Number>
      <Internal>0</Internal>
      <Description>
         <EN><![CDATA[Get list of table name (4D Open)]]></EN>
         <FR><![CDATA[Recupére la liste des noms de tables (4D Open).]]></FR>
      </Description>
   </command>
   <command>
      <Mnemonics>Obsolete_Set_Empty</Mnemonics>
      <ID_Number>100</ID_Number>
      <Internal>0</Internal>
      <Description>
         <EN><![CDATA[Obsolete]]></EN>
         <FR><![CDATA[Obsolete]]></FR>
      </Description>
   </command>
   <command>
      <Mnemonics>User_NbConnected</Mnemonics>
      <ID_Number>101</ID_Number>
      <Internal>0</Internal>
      <Description>
         <EN><![CDATA[Number of connected users]]></EN>
         <FR><![CDATA[Nombre d'utilisateurs connectés]]></FR>
      </Description>
   </command>
   <command>
      <Mnemonics>User_NbUserProcess</Mnemonics>
      <ID_Number>102</ID_Number>
      <Internal>0</Internal>
      <Description>
         <EN><![CDATA[Number of user process]]></EN>
         <FR><![CDATA[Nombre de process utilisateurs]]></FR>
      </Description>
   </command>
   <command>
      <Mnemonics>Math_Sum</Mnemonics>
      <ID_Number>103</ID_Number>
      <Internal>0</Internal>
      <Description>
         <EN><![CDATA[SUM (on field)]]></EN>
         <FR><![CDATA[Somme (sur un champ)]]></FR>
      </Description>
   </command>
   <command>
      <Mnemonics>Math_Average</Mnemonics>
      <ID_Number>104</ID_Number>
      <Internal>0</Internal>
      <Description>
         <EN><![CDATA[Average (on field)]]></EN>
         <FR><![CDATA[Moyenne (sur un champ)]]></FR>
      </Description>
   </command>
   <command>
      <Mnemonics>Math_Min</Mnemonics>
      <ID_Number>105</ID_Number>
      <Internal>0</Internal>
      <Description>
         <EN><![CDATA[Minimum (on field)]]></EN>
         <FR><![CDATA[Mimimum (sur un champ)]]></FR>
      </Description>
   </command>
   <command>
      <Mnemonics>Math_Max</Mnemonics>
      <ID_Number>106</ID_Number>
      <Internal>0</Internal>
      <Description>
         <EN><![CDATA[Maximum (on field)]]></EN>
         <FR><![CDATA[Maximum (sur un champ)]]></FR>
      </Description>
   </command>
   <command>
      <Mnemonics>File_ReadFromDiskAndSendToClient</Mnemonics>
      <ID_Number>107</ID_Number>
      <Internal>1</Internal>
      <Description>
         <EN><![CDATA[Read file from disk and send it to a client]]></EN>
         <FR><![CDATA[Lit un document sur le disque et envoi au client]]></FR>
      </Description>
   </command>
   <command>
      <Mnemonics>File_SendToServerAndWriteOnDisk</Mnemonics>
      <ID_Number>108</ID_Number>
      <Internal>1</Internal>
      <Description>
         <EN><![CDATA[Write a file on disk sent from a client]]></EN>
         <FR><![CDATA[Ecrit un document sur le disque depuis le client]]></FR>
      </Description>
   </command>
   <command>
      <Mnemonics>Plug_ReadData</Mnemonics>
      <ID_Number>109</ID_Number>
      <Internal>1</Internal>
      <Description>
         <EN><![CDATA[Communication from a plugin (on client side) and server, to read on server]]></EN>
         <FR><![CDATA[Requête de communication entre le plugin cote client et le serveur pour lecture coté serveur]]></FR>
      </Description>
   </command>
   <command>
      <Mnemonics>Plug_WriteData</Mnemonics>
      <ID_Number>110</ID_Number>
      <Internal>1</Internal>
      <Description>
         <EN><![CDATA[Communication from a plugin (on client side) and server, to write on server]]></EN>
         <FR><![CDATA[Requête de communication entre le plugin cote client et le serveur pour écriture sur le serveur.]]></FR>
      </Description>
   </command>
   <command>
      <Mnemonics>Bck_SetCurrentLogFile</Mnemonics>
      <ID_Number>111</ID_Number>
      <Internal>0</Internal>
      <Description>
         <EN><![CDATA[Set current log file]]></EN>
         <FR><![CDATA[Fixer le log du backup courrant.]]></FR>
      </Description>
   </command>
   <command>
      <Mnemonics>Bck_FullBackup</Mnemonics>
      <ID_Number>112</ID_Number>
      <Internal>0</Internal>
      <Description>
         <EN><![CDATA[Execute backup]]></EN>
         <FR><![CDATA[Exécuter le backup]]></FR>
      </Description>
   </command>
   <command>
      <Mnemonics>Bck_IncBackup</Mnemonics>
      <ID_Number>113</ID_Number>
      <Internal>0</Internal>
      <Description>
         <EN><![CDATA[Increment backup]]></EN>
         <FR><![CDATA[Incrémenter backup]]></FR>
      </Description>
   </command>
   <command>
      <Mnemonics>Set_ConvertListOfRecIntoSet</Mnemonics>
      <ID_Number>114</ID_Number>
      <Internal>1</Internal>
      <Description>
         <EN><![CDATA[Convert a selection from a displayed list into a set]]></EN>
         <FR><![CDATA[Recuperer, depuis une liste affichée, la selection sous la forme d'un ensemble.]]></FR>
      </Description>
   </command>
   <command>
      <Mnemonics>Ind_CancelCreationRequest</Mnemonics>
      <ID_Number>115</ID_Number>
      <Internal>0</Internal>
      <Description>
         <EN><![CDATA[Creation of index request cancelled]]></EN>
         <FR><![CDATA[Annuler une demande de création d'index]]></FR>
      </Description>
   </command>
   <command>
      <Mnemonics>Bck_SendInfoToBackup</Mnemonics>
      <ID_Number>116</ID_Number>
      <Internal>0</Internal>
      <Description>
         <EN><![CDATA[Send information to backup]]></EN>
         <FR><![CDATA[Envoi d'information au backup]]></FR>
      </Description>
   </command>
   <command>
      <Mnemonics>Struct_GetTimestamp</Mnemonics>
      <ID_Number>117</ID_Number>
      <Internal>1</Internal>
      <Description>
         <EN><![CDATA[Read timestamp from resource 4D4D, to update files .res and .rex]]></EN>
         <FR><![CDATA[Lit un timestamp pour la ressource 4D4D en vue de la mise à jour des fichiers .res et .rex]]></FR>
      </Description>
   </command>
   <command>
      <Mnemonics>Obsolete_PRes_CountKindStruct</Mnemonics>
      <ID_Number>118</ID_Number>
      <Internal>0</Internal>
      <Description>
         <EN><![CDATA[Obsolete]]></EN>
         <FR><![CDATA[Obsolete]]></FR>
      </Description>
   </command>
   <command>
      <Mnemonics>Obsolete_getindtypestruct</Mnemonics>
      <ID_Number>119</ID_Number>
      <Internal>0</Internal>
      <Description>
         <EN><![CDATA[Obsolete]]></EN>
         <FR><![CDATA[Obsolete]]></FR>
      </Description>
   </command>
   <command>
      <Mnemonics>Obsolete_countresstruct</Mnemonics>
      <ID_Number>120</ID_Number>
      <Internal>0</Internal>
      <Description>
         <EN><![CDATA[Obsolete]]></EN>
         <FR><![CDATA[Obsolete]]></FR>
      </Description>
   </command>
   <command>
      <Mnemonics>Struct_SendForkToClient</Mnemonics>
      <ID_Number>121</ID_Number>
      <Internal>1</Internal>
      <Description>
         <EN><![CDATA[Send fork side to a client]]></EN>
         <FR><![CDATA[Envoi l'intégralité d'une ressource fork sur le client]]></FR>
      </Description>
   </command>
   <command>
      <Mnemonics>Sel_Join</Mnemonics>
      <ID_Number>122</ID_Number>
      <Internal>0</Internal>
      <Description>
         <EN><![CDATA[Join]]></EN>
         <FR><![CDATA[Jointure]]></FR>
      </Description>
   </command>
   <command>
      <Mnemonics>Sel_Reduce</Mnemonics>
      <ID_Number>123</ID_Number>
      <Internal>0</Internal>
      <Description>
         <EN><![CDATA[Reduce selection]]></EN>
         <FR><![CDATA[Réduire selection]]></FR>
      </Description>
   </command>
   <command>
      <Mnemonics>Ind_Scan</Mnemonics>
      <ID_Number>124</ID_Number>
      <Internal>0</Internal>
      <Description>
         <EN><![CDATA[Scan index]]></EN>
         <FR><![CDATA[Scan index]]></FR>
      </Description>
   </command>
   <command>
      <Mnemonics>Rec_WhoLock_Language</Mnemonics>
      <ID_Number>125</ID_Number>
      <Internal>0</Internal>
      <Description>
         <EN><![CDATA[LOCKED ATTRIBUTES (programming language)]]></EN>
         <FR><![CDATA[Verrouille par (commande)]]></FR>
      </Description>
   </command>
   <command>
      <Mnemonics>CurrentDateFromServer</Mnemonics>
      <ID_Number>126</ID_Number>
      <Internal>0</Internal>
      <Description>
         <EN><![CDATA[Current date (*)]]></EN>
         <FR><![CDATA[Date du jour(*)]]></FR>
      </Description>
   </command>
   <command>
      <Mnemonics>CurrentTimeFromServer</Mnemonics>
      <ID_Number>127</ID_Number>
      <Internal>0</Internal>
      <Description>
         <EN><![CDATA[Current Time (*)]]></EN>
         <FR><![CDATA[Heure courrante (*)]]></FR>
      </Description>
   </command>
   <command>
      <Mnemonics>Sel_AutoLink</Mnemonics>
      <ID_Number>128</ID_Number>
      <Internal>0</Internal>
      <Description>
         <EN><![CDATA[Automatic links]]></EN>
         <FR><![CDATA[Lien automatique]]></FR>
      </Description>
   </command>
   <command>
      <Mnemonics>Sel_CheckKind</Mnemonics>
      <ID_Number>129</ID_Number>
      <Internal>1</Internal>
      <Description>
         <EN><![CDATA[Check if current selection is a selection and not a set]]></EN>
         <FR><![CDATA[Controle que la selection courante est sous la forme d'une selection et non d'un ensemble]]></FR>
      </Description>
   </command>
   <command>
      <Mnemonics>Struct_SendAvailableAutoLink2Server</Mnemonics>
      <ID_Number>130</ID_Number>
      <Internal>1</Internal>
      <Description>
         <EN><![CDATA[Send a list of tables available for automatic links to server]]></EN>
         <FR><![CDATA[Envoi au serveur la liste des tables qu'il a le droit d'activer via les liens automatiques]]></FR>
      </Description>
   </command>
   <command>
      <Mnemonics>Sel_AddRec</Mnemonics>
      <ID_Number>131</ID_Number>
      <Internal>0</Internal>
      <Description>
         <EN><![CDATA[Add record to selection]]></EN>
         <FR><![CDATA[Ajout d'une fiche dans la selection]]></FR>
      </Description>
   </command>
   <command>
      <Mnemonics>User_UpdatePluginsRightsAccess</Mnemonics>
      <ID_Number>132</ID_Number>
      <Internal>1</Internal>
      <Description>
         <EN><![CDATA[Update plugins authorisation rights]]></EN>
         <FR><![CDATA[Mise à jour des autorisations d'acces au plugin]]></FR>
      </Description>
   </command>
   <command>
      <Mnemonics>File_TestFilePath</Mnemonics>
      <ID_Number>133</ID_Number>
      <Internal>1</Internal>
      <Description>
         <EN><![CDATA[Verify if a file exists on server]]></EN>
         <FR><![CDATA[Test si un document existe sur le serveur]]></FR>
      </Description>
   </command>
   <command>
      <Mnemonics>Rec_SequenceNumberManagement</Mnemonics>
      <ID_Number>134</ID_Number>
      <Internal>1</Internal>
      <Description>
         <EN><![CDATA[Sequence Number Management]]></EN>
         <FR><![CDATA[Gestion de la numérotation automatique]]></FR>
      </Description>
   </command>
   <command>
      <Mnemonics>Rec_Lock</Mnemonics>
      <ID_Number>135</ID_Number>
      <Internal>0</Internal>
      <Description>
         <EN><![CDATA[Lock record]]></EN>
         <FR><![CDATA[Verrouillage d'une fiche]]></FR>
      </Description>
   </command>
   <command>
      <Mnemonics>Rec_Push</Mnemonics>
      <ID_Number>136</ID_Number>
      <Internal>0</Internal>
      <Description>
         <EN><![CDATA[Push record]]></EN>
         <FR><![CDATA[Empiler enregistrement]]></FR>
      </Description>
   </command>
   <command>
      <Mnemonics>Rec_Pop</Mnemonics>
      <ID_Number>137</ID_Number>
      <Internal>0</Internal>
      <Description>
         <EN><![CDATA[Pop record]]></EN>
         <FR><![CDATA[Dépiler enregistrement]]></FR>
      </Description>
   </command>
   <command>
      <Mnemonics>Obsolete_searchanddelta</Mnemonics>
      <ID_Number>138</ID_Number>
      <Internal>0</Internal>
      <Description>
         <EN><![CDATA[Obsolete]]></EN>
         <FR><![CDATA[Obsolete]]></FR>
      </Description>
   </command>
   <command>
      <Mnemonics>Obsolete_setindex</Mnemonics>
      <ID_Number>139</ID_Number>
      <Internal>0</Internal>
      <Description>
         <EN><![CDATA[Obsolete]]></EN>
         <FR><![CDATA[Obsolete]]></FR>
      </Description>
   </command>
   <command>
      <Mnemonics>Obsolete_liaisonfatale</Mnemonics>
      <ID_Number>140</ID_Number>
      <Internal>1</Internal>
      <Description>
         <EN><![CDATA[Not used]]></EN>
         <FR><![CDATA[Inutilisée.]]></FR>
      </Description>
   </command>
   <command>
      <Mnemonics>OPEN_GetRelatedFieldsFormatted</Mnemonics>
      <ID_Number>141</ID_Number>
      <Internal>0</Internal>
      <Description>
         <EN><![CDATA[Get related fields of a selection incl. format (4D Open)]]></EN>
         <FR><![CDATA[Recupere les champs d'une selection avec un format (4D Open)]]></FR>
      </Description>
   </command>
   <command>
      <Mnemonics>Trans_GetNbNewRecInside</Mnemonics>
      <ID_Number>142</ID_Number>
      <Internal>1</Internal>
      <Description>
         <EN><![CDATA[Get number of created records during a transaction]]></EN>
         <FR><![CDATA[Recupere le nombre de fiches créées lors d'une transaction]]></FR>
      </Description>
   </command>
   <command>
      <Mnemonics>Plug_Get4DXCatInfo</Mnemonics>
      <ID_Number>143</ID_Number>
      <Internal>0</Internal>
      <Description>
         <EN><![CDATA[Get a description of folders Mac4DX, Win4DX and Plugins]]></EN>
         <FR><![CDATA[Retourne la description des dossiers Mac4DX, Win4DX et Plugins]]></FR>
      </Description>
   </command>
   <command>
      <Mnemonics>File_SendFromServerToClient</Mnemonics>
      <ID_Number>144</ID_Number>
      <Internal>1</Internal>
      <Description>
         <EN><![CDATA[Send a file from server to client]]></EN>
         <FR><![CDATA[Recupere un fichier sur le serveur et l'envoi au client]]></FR>
      </Description>
   </command>
   <command>
      <Mnemonics>Plug_CheckPluginsRightAccess</Mnemonics>
      <ID_Number>145</ID_Number>
      <Internal>0</Internal>
      <Description>
         <EN><![CDATA[Check and give access rights for plugins]]></EN>
         <FR><![CDATA[En fonction des licences donne les autorisations pour les plugins]]></FR>
      </Description>
   </command>
   <command>
      <Mnemonics>Proc_ExecuteOnServer</Mnemonics>
      <ID_Number>146</ID_Number>
      <Internal>0</Internal>
      <Description>
         <EN><![CDATA[Execute on server]]></EN>
         <FR><![CDATA[Executer sur serveur.]]></FR>
      </Description>
   </command>
   <command>
      <Mnemonics>Proc_FindByName</Mnemonics>
      <ID_Number>147</ID_Number>
      <Internal>0</Internal>
      <Description>
         <EN><![CDATA[Process number ]]></EN>
         <FR><![CDATA[Recupere un numero de process a partir de son nom]]></FR>
      </Description>
   </command>
   <command>
      <Mnemonics>Proc_SetProcessVar</Mnemonics>
      <ID_Number>148</ID_Number>
      <Internal>0</Internal>
      <Description>
         <EN><![CDATA[Set process variable from client to a process on server]]></EN>
         <FR><![CDATA[Envoyer variable vers un process sur le serveur]]></FR>
      </Description>
   </command>
   <command>
      <Mnemonics>Proc_GetProcessVar</Mnemonics>
      <ID_Number>149</ID_Number>
      <Internal>0</Internal>
      <Description>
         <EN><![CDATA[Get process variable from a process on server to client]]></EN>
         <FR><![CDATA[Recevoir variable d'un process sur le serveur]]></FR>
      </Description>
   </command>
   <command>
      <Mnemonics>Search_SetLimit</Mnemonics>
      <ID_Number>150</ID_Number>
      <Internal>0</Internal>
      <Description>
         <EN><![CDATA[SET QUERY LIMIT]]></EN>
         <FR><![CDATA[Fixer limite recherche]]></FR>
      </Description>
   </command>
   <command>
      <Mnemonics>Search_SetDestination</Mnemonics>
      <ID_Number>151</ID_Number>
      <Internal>0</Internal>
      <Description>
         <EN><![CDATA[SET QUERY DESTINATION]]></EN>
         <FR><![CDATA[Fixer destination recherche]]></FR>
      </Description>
   </command>
   <command>
      <Mnemonics>Set_IsIn</Mnemonics>
      <ID_Number>152</ID_Number>
      <Internal>0</Internal>
      <Description>
         <EN><![CDATA[Is in set
Is in set tests whether or not the current record for the table is in set. The Is in set function returns TRUE if the current record of the table is in set, and returns FALSE if the current record of the table is not in set.

]]></EN>
         <FR><![CDATA[Appartient a ensemble.
Appartient a ensemble teste si l'enregistrement courant de la table est inclus dans ensemble. La fonction Appartient a ensemble retourne Vrai si l'enregistrement courant de la table est dans ensemble, et retourne Faux si l'enregistrement courant de la table n'est pas dans ensemble.

]]></FR>
      </Description>
   </command>
   <command>
      <Mnemonics>Set_RecordsIn</Mnemonics>
      <ID_Number>153</ID_Number>
      <Internal>1</Internal>
      <Description>
         <EN><![CDATA[Records in set]]></EN>
         <FR><![CDATA[Enregistrements dans ensemble]]></FR>
      </Description>
   </command>
   <command>
      <Mnemonics>Set_Create</Mnemonics>
      <ID_Number>154</ID_Number>
      <Internal>0</Internal>
      <Description>
         <EN><![CDATA[CREATE SET]]></EN>
         <FR><![CDATA[NOMMER ENSEMBLE]]></FR>
      </Description>
   </command>
   <command>
      <Mnemonics>Set_CreateEmpty</Mnemonics>
      <ID_Number>155</ID_Number>
      <Internal>0</Internal>
      <Description>
         <EN><![CDATA[CREATE EMPTY SET]]></EN>
         <FR><![CDATA[ENSEMBLE VIDE ]]></FR>
      </Description>
   </command>
   <command>
      <Mnemonics>Set_Add</Mnemonics>
      <ID_Number>156</ID_Number>
      <Internal>0</Internal>
      <Description>
         <EN><![CDATA[ADD TO SET ]]></EN>
         <FR><![CDATA[ADJOINDRE ELEMENT]]></FR>
      </Description>
   </command>
   <command>
      <Mnemonics>Set_Send</Mnemonics>
      <ID_Number>157</ID_Number>
      <Internal>1</Internal>
      <Description>
         <EN><![CDATA[Send a set to server]]></EN>
         <FR><![CDATA[Envoi un ensemble vers le serveur]]></FR>
      </Description>
   </command>
   <command>
      <Mnemonics>Set_Get</Mnemonics>
      <ID_Number>158</ID_Number>
      <Internal>1</Internal>
      <Description>
         <EN><![CDATA[Get a set from server]]></EN>
         <FR><![CDATA[Recoit un ensemble du serveur]]></FR>
      </Description>
   </command>
   <command>
      <Mnemonics>Set_Delete</Mnemonics>
      <ID_Number>159</ID_Number>
      <Internal>0</Internal>
      <Description>
         <EN><![CDATA[CLEAR SET ]]></EN>
         <FR><![CDATA[EFFACER ENSEMBLE ]]></FR>
      </Description>
   </command>
   <command>
      <Mnemonics>Set_Use</Mnemonics>
      <ID_Number>160</ID_Number>
      <Internal>0</Internal>
      <Description>
         <EN><![CDATA[USE SET]]></EN>
         <FR><![CDATA[UTILISER ENSEMBLE]]></FR>
      </Description>
   </command>
   <command>
      <Mnemonics>Set_Operation</Mnemonics>
      <ID_Number>161</ID_Number>
      <Internal>1</Internal>
      <Description>
         <EN><![CDATA[Operation on set (Difference, Intersection, Union, etc)]]></EN>
         <FR><![CDATA[Operations sur ensemble (DIFFERENCE, Intersection, etc.)]]></FR>
      </Description>
   </command>
   <command>
      <Mnemonics>Set_Copy</Mnemonics>
      <ID_Number>162</ID_Number>
      <Internal>0</Internal>
      <Description>
         <EN><![CDATA[COPY SET]]></EN>
         <FR><![CDATA[COPIER ENSEMBLE]]></FR>
      </Description>
   </command>
   <command>
      <Mnemonics>Struct_UpdateInformation</Mnemonics>
      <ID_Number>163</ID_Number>
      <Internal>0</Internal>
      <Description>
         <EN><![CDATA[Modify an object in design mode. Update request on other 4D Clients]]></EN>
         <FR><![CDATA[Modification d'un element en mode structure en vue de la synchronisation sur les autres postes clients]]></FR>
      </Description>
   </command>
   <command>
      <Mnemonics>Set_GetList</Mnemonics>
      <ID_Number>164</ID_Number>
      <Internal>1</Internal>
      <Description>
         <EN><![CDATA[Get list of all sets]]></EN>
         <FR><![CDATA[Retourne la liste des ensembles]]></FR>
      </Description>
   </command>
   <command>
      <Mnemonics>Sel_GetList</Mnemonics>
      <ID_Number>165</ID_Number>
      <Internal>1</Internal>
      <Description>
         <EN><![CDATA[Get list of all selection]]></EN>
         <FR><![CDATA[Retourne la liste des selections]]></FR>
      </Description>
   </command>
   <command>
      <Mnemonics>Sel_DistinctValues</Mnemonics>
      <ID_Number>166</ID_Number>
      <Internal>0</Internal>
      <Description>
         <EN><![CDATA[Distinct Values]]></EN>
         <FR><![CDATA[Valeur distincte]]></FR>
      </Description>
   </command>
   <command>
      <Mnemonics>Set_FindTableFrom</Mnemonics>
      <ID_Number>167</ID_Number>
      <Internal>1</Internal>
      <Description>
         <EN><![CDATA[Return table from a set]]></EN>
         <FR><![CDATA[Connaitre la table d'un ensemble]]></FR>
      </Description>
   </command>
   <command>
      <Mnemonics>PRes_GetIDByName</Mnemonics>
      <ID_Number>168</ID_Number>
      <Internal>1</Internal>
      <Description>
         <EN><![CDATA[Get ID of a pseudo resource by name]]></EN>
         <FR><![CDATA[Retoune l'ID d'une pseudo ressource à partir de son nom]]></FR>
      </Description>
   </command>
   <command>
      <Mnemonics>PRes_GetNameByID</Mnemonics>
      <ID_Number>169</ID_Number>
      <Internal>0</Internal>
      <Description>
         <EN><![CDATA[Get name of a pseudo resource by ID]]></EN>
         <FR><![CDATA[Retoune le nom d'une pseudo ressource à partir de son ID]]></FR>
      </Description>
   </command>
   <command>
      <Mnemonics>PRes_WriteName</Mnemonics>
      <ID_Number>170</ID_Number>
      <Internal>1</Internal>
      <Description>
         <EN><![CDATA[Write name of a pseudo resource by ID]]></EN>
         <FR><![CDATA[Ecrit le nom d'une pseudo ressource identifié par son ID]]></FR>
      </Description>
   </command>
   <command>
      <Mnemonics>Array_RecNumsToSelOrSet</Mnemonics>
      <ID_Number>171</ID_Number>
      <Internal>0</Internal>
      <Description>
         <EN><![CDATA[Array longint containing rec.number to selection or set]]></EN>
         <FR><![CDATA[Tableau d'entier long vers selection ou tableau d'entier long vers ensemble]]></FR>
      </Description>
   </command>
   <command>
      <Mnemonics>Struct_SetDBParam</Mnemonics>
      <ID_Number>172</ID_Number>
      <Internal>0</Internal>
      <Description>
         <EN><![CDATA[Set database parameter]]></EN>
         <FR><![CDATA[Fixer parametre base]]></FR>
      </Description>
   </command>
   <command>
      <Mnemonics>Proc_RegisterClient</Mnemonics>
      <ID_Number>173</ID_Number>
      <Internal>0</Internal>
      <Description>
         <EN><![CDATA[Register client]]></EN>
         <FR><![CDATA[Inscrire client]]></FR>
      </Description>
   </command>
   <command>
      <Mnemonics>Proc_UnregisterClient</Mnemonics>
      <ID_Number>174</ID_Number>
      <Internal>0</Internal>
      <Description>
         <EN><![CDATA[Unregister client]]></EN>
         <FR><![CDATA[De-inscrire client]]></FR>
      </Description>
   </command>
   <command>
      <Mnemonics>Proc_GetListRegisteredClients</Mnemonics>
      <ID_Number>175</ID_Number>
      <Internal>0</Internal>
      <Description>
         <EN><![CDATA[Get Registered Clients]]></EN>
         <FR><![CDATA[Retourne la liste des clients inscrits]]></FR>
      </Description>
   </command>
   <command>
      <Mnemonics>Proc_ExecuteOnClient</Mnemonics>
      <ID_Number>176</ID_Number>
      <Internal>0</Internal>
      <Description>
         <EN><![CDATA[Execute on Client]]></EN>
         <FR><![CDATA[Executer sur client]]></FR>
      </Description>
   </command>
   <command>
      <Mnemonics>Proc_GetRequestProcToExec</Mnemonics>
      <ID_Number>177</ID_Number>
      <Internal>1</Internal>
      <Description>
         <EN><![CDATA[Check if a client has a method to be executed (execute on client)]]></EN>
         <FR><![CDATA[Regarde si le client à une demande de methode à executer en attente]]></FR>
      </Description>
   </command>
   <command>
      <Mnemonics>Obsolete_UnlockRecords</Mnemonics>
      <ID_Number>178</ID_Number>
      <Internal>0</Internal>
      <Description>
         <EN><![CDATA[Obsolete]]></EN>
         <FR><![CDATA[Obsolete]]></FR>
      </Description>
   </command>
   <command>
      <Mnemonics>Plug_ValidateUserInfo</Mnemonics>
      <ID_Number>179</ID_Number>
      <Internal>1</Internal>
      <Description>
         <EN><![CDATA[Management of password for plugins]]></EN>
         <FR><![CDATA[Gestion des mots de passe pour le plugin]]></FR>
      </Description>
   </command>
   <command>
      <Mnemonics>Plug_CheckUserInfo</Mnemonics>
      <ID_Number>180</ID_Number>
      <Internal>1</Internal>
      <Description>
         <EN><![CDATA[Management of password for plugins]]></EN>
         <FR><![CDATA[Gestion des mots de passe pour le plugin]]></FR>
      </Description>
   </command>
   <command>
      <Mnemonics>Plug_GetListOfGroupsAndUsers</Mnemonics>
      <ID_Number>181</ID_Number>
      <Internal>0</Internal>
      <Description>
         <EN><![CDATA[Management of password for plugins]]></EN>
         <FR><![CDATA[Gestion des mots de passe pour le plugin]]></FR>
      </Description>
   </command>
   <command>
      <Mnemonics>Plug_IsAdmin</Mnemonics>
      <ID_Number>182</ID_Number>
      <Internal>0</Internal>
      <Description>
         <EN><![CDATA[Management of password for plugins]]></EN>
         <FR><![CDATA[Gestion des mots de passe pour le plugin]]></FR>
      </Description>
   </command>
   <command>
      <Mnemonics>Array_SelToRecNums</Mnemonics>
      <ID_Number>183</ID_Number>
      <Internal>0</Internal>
      <Description>
         <EN><![CDATA[Selection to array longint]]></EN>
         <FR><![CDATA[Selection vers tableau d'entier long]]></FR>
      </Description>
   </command>
   <command>
      <Mnemonics>Search_QueryWithArray</Mnemonics>
      <ID_Number>184</ID_Number>
      <Internal>0</Internal>
      <Description>
         <EN><![CDATA[Find in array]]></EN>
         <FR><![CDATA[Chercher par tableau]]></FR>
      </Description>
   </command>
   <command>
      <Mnemonics>Struct_GetDataFile</Mnemonics>
      <ID_Number>185</ID_Number>
      <Internal>0</Internal>
      <Description>
         <EN><![CDATA[get name of current data file]]></EN>
         <FR><![CDATA[Retourne le nom du fichier de données courrant]]></FR>
      </Description>
   </command>
   <command>
      <Mnemonics>Plug_SerialKey</Mnemonics>
      <ID_Number>186</ID_Number>
      <Internal>0</Internal>
      <Description>
         <EN><![CDATA[Serial key (SDK)]]></EN>
         <FR><![CDATA[Info de serialisation (SDK)]]></FR>
      </Description>
   </command>
   <command>
      <Mnemonics>User_RegistrationProperties</Mnemonics>
      <ID_Number>187</ID_Number>
      <Internal>1</Internal>
      <Description>
         <EN><![CDATA[User name & company name (product registration)]]></EN>
         <FR><![CDATA[Nom de l'utilisateur et de la societe (enregistrement du produit)]]></FR>
      </Description>
   </command>
   <command>
      <Mnemonics>User_NbCurrentUsers</Mnemonics>
      <ID_Number>188</ID_Number>
      <Internal>1</Internal>
      <Description>
         <EN><![CDATA[Number of current users vs. number of licences available]]></EN>
         <FR><![CDATA[Nombre d'utilisateur courrant par rapport au nombre de licence]]></FR>
      </Description>
   </command>
   <command>
      <Mnemonics>Rec_LoadForModifyDisplaySelection_New</Mnemonics>
      <ID_Number>189</ID_Number>
      <Internal>1</Internal>
      <Description>
         <EN><![CDATA[Load record to use with display selection, modify selection or sub form]]></EN>
         <FR><![CDATA[Chargement d'une fiche pour l'utilisation dans un visualiser ou modifier selection ou pour un sous formumaire.]]></FR>
      </Description>
   </command>
   <command>
      <Mnemonics>Struct_IsDatabaseLocked</Mnemonics>
      <ID_Number>190</ID_Number>
      <Internal>0</Internal>
      <Description>
         <EN><![CDATA[Is data file locked?]]></EN>
         <FR><![CDATA[Test du verrouillage du fichier de données]]></FR>
      </Description>
   </command>
   <command>
      <Mnemonics>User_IsDemo</Mnemonics>
      <ID_Number>191</ID_Number>
      <Internal>1</Internal>
      <Description>
         <EN><![CDATA[Run in demo mode?]]></EN>
         <FR><![CDATA[Mode démo]]></FR>
      </Description>
   </command>
   <command>
      <Mnemonics>Struct_GetDBType</Mnemonics>
      <ID_Number>192</ID_Number>
      <Internal>0</Internal>
      <Description>
         <EN><![CDATA[Compiled or interpreted mode?]]></EN>
         <FR><![CDATA[Indique si mode interprété ou compilé]]></FR>
      </Description>
   </command>
   <command>
      <Mnemonics>Struct_GetLastOpeningMode</Mnemonics>
      <ID_Number>193</ID_Number>
      <Internal>1</Internal>
      <Description>
         <EN><![CDATA[Last opening mode (compiled or interpreted)]]></EN>
         <FR><![CDATA[Indique le dernier mode d'ouverture de la base (compilé ou interprété)]]></FR>
      </Description>
   </command>
   <command>
      <Mnemonics>PRes_GetListPseudoResources</Mnemonics>
      <ID_Number>194</ID_Number>
      <Internal>0</Internal>
      <Description>
         <EN><![CDATA[Get list of files containing pseudo resources (.4DB, .4DA, etc.)]]></EN>
         <FR><![CDATA[Récuperer la liste des fichiers de pseudo ressources (.4DB, .4DA etc)]]></FR>
      </Description>
   </command>
   <command>
      <Mnemonics>Struct_Update4DClient</Mnemonics>
      <ID_Number>195</ID_Number>
      <Internal>0</Internal>
      <Description>
         <EN><![CDATA[Automatic update from 4D Client]]></EN>
         <FR><![CDATA[Mise à jour automatique de 4D Client]]></FR>
      </Description>
   </command>
   <command>
      <Mnemonics>Auth_Challenge2</Mnemonics>
      <ID_Number>196</ID_Number>
      <Internal>0</Internal>
      <Description>
         <EN><![CDATA[exchange connection info]]></EN>
         <FR><![CDATA[échange d'information de connexion]]></FR>
      </Description>
   </command>
   <command>
      <Mnemonics>Bck_GetLastBackupInformation</Mnemonics>
      <ID_Number>197</ID_Number>
      <Internal>0</Internal>
      <Description>
         <EN><![CDATA[Get information from last backup]]></EN>
         <FR><![CDATA[Retourne les informations sur le dernier backup réalisé]]></FR>
      </Description>
   </command>
   <command>
      <Mnemonics>Bck_GetLastRestoreInformation</Mnemonics>
      <ID_Number>198</ID_Number>
      <Internal>0</Internal>
      <Description>
         <EN><![CDATA[Return information from last restore]]></EN>
         <FR><![CDATA[Retourne les informations sur la derniere restoration]]></FR>
      </Description>
   </command>
   <command>
      <Mnemonics>Bck_GetLogInformation</Mnemonics>
      <ID_Number>199</ID_Number>
      <Internal>0</Internal>
      <Description>
         <EN><![CDATA[Return information about log]]></EN>
         <FR><![CDATA[Retourne les informations sur l'historique]]></FR>
      </Description>
   </command>
   <command>
      <Mnemonics>Auth_Challenge3</Mnemonics>
      <ID_Number>200</ID_Number>
      <Internal>1</Internal>
      <Description>
         <EN><![CDATA[exchange connection info]]></EN>
         <FR><![CDATA[échange d'information de connexion]]></FR>
      </Description>
   </command>
   <command>
      <Mnemonics>PRes_AllinOne</Mnemonics>
      <ID_Number>201</ID_Number>
      <Internal>1</Internal>
      <Description>
         <EN><![CDATA[Download pseudo-resources]]></EN>
         <FR><![CDATA[Chargement de pseudo-ressources]]></FR>
      </Description>
   </command>
</root>
